41_1	CCCCCCCCCC/C=C\C/C=C\CCC(=O)OCC(COC(=O)CC/C=C\CCCCCCCCCCCCC)OC(=O)CC/C=C\CCCCCCCCCCCCC
41_2	CCCCCCCCCCCCC/C=C\CCC(=O)OCC(COC(=O)CCCCCCCCCCCCCCCCC)OC(=O)CC/C=C\CCCCCCCCCCCCC
17_1	CC(=CCC/C(=C/CC/C(=C/CCC(C(=C)CC/C=C(\C)/CCC=C(C)C)O)/C)/C)C
17_2	CC(=CCC[C@@H](C)[C@@H]1CC[C@]2(C)C3=C(CC[C@@]12C)[C@@]1(C)CC[C@@H](C(C)(C)[C@@H]1CC3)O)C
17_3	CC1(C)CC[C@]2(C)CC[C@]3(C)[C@H](CC[C@@H]4[C@@]5(C)CC[C@@H](C(C)(C)[C@@H]5CC[C@@]34C)O)C2=C1
17_4	CC(C)C12CCC(C)C2C2(C)CCC3C4(C)CCC(C(C)(C)C4CCC3(C)C2=CC1)O
17_5	CC(C)C(=C)CCC(C)C1CCC2(C)C3CCC4C(C)C(CCC54CC35CCC12C)O
17_6	CC(C)C1CCC2(C)CCC3(C)C4=CCC5C(C)(C)C(CCC5(C)C4CCC3(C)C12)O
17_7	CC1CCC2(C)CCC34CC4(CCC4C5(C)CCC(C(C)(C)C5CCC34C)O)C2C1C
17_8	CC1(C)CCC2(C)CC=C3C(C)(CCC4C5(C)CCCC(C)(C)C5C(CC34C)O)C2C1
17_9	CC(C)C(C)CCC(=C)C1CCC2(C)C3CCC4C(C)C(CCC54CC35CCC12C)O
17_10	CC(C)C1CCC2C1(C)CCC1(C)C3CCC4(C(=C)C)C(CCCO4)C3(C)CCC21C
17_11	CC(OC1CCC2(C)C(CCC3(C)C2CCC4(C)C3=CCC5(C(C)C)C4C(C)CC5)C1(C)C)=O
17_12	CC(=O)O[C@@H]1CC[C@@]2(C)C(CC[C@]3(C)[C@@H]2CC[C@@H]2C4CC(C)(C)CC[C@]4(C)C=C[C@@]32C)C1(C)C
17_13	CC(OC1CCC2(C)C(CC=C3C2CCC4(C)C3(C)CCC5(C(C)C)C4C(C)CC5)C1(C)C)=O
17_14	CC1(C)CCC2(C)CCC3(C)C(=CC=C4C5(C)CCC(C(C)(C)C5CCC34C)O)C2C1
17_15	CC1CCC2(C)CCC3(C)C(=CC=C4C5(C)CCC(C(C)(C)C5CCC34C)O)C2C1C
17_16	CC(C)C1CCC2C1(C)CCC1(C)C3=CCC4C(C)(C)C(CCC4(C)C3=CCC21C)O
17_17	CC(C)C(=C)CCC(C)C1CCC2(C)C3=C(CCC12C)C1(C)CCC(=O)C(C)C1CC3
17_18	CC1(C)CCC2(C)CC=C3C4(C)CCC5C(C)(C)C(=O)CCC5(C)C4CCC3(C)C2C1
17_19	C=C(C)C(CCC(C)C1CCC2(C)C3CC=C4C(CCC(C4(C)C)O)C3(C)CCC12C)O
17_20	CC1CCC2(C)C(CC3(C)C(=CCC4C5(C)CCC(C(C)(C)C5CCC34C)O)C2C1C)O
17_21	C=C(C)C(CCC(C)C1CCC2(C)C3=CCC4C(C)(C)C(CCC4(C)C3=CCC12C)O)O
17_22	CC(=CCCC1(CO1)C1CCC2(C)C3CCC4C(C)(C)C(CCC54CC35CCC12C)O)C
17_23	CC1(C)CCC2(C)CCC3(C)C(=C2C1)C=CC1C2(C)CCC(C(C)(CO)C2CCC31C)O
17_24	CC1(C)CCC2(C)CC=C3C4(C)CCC5C(C)(C)C(CCC5(C)C4C4C(C3(C)C2C1)O4)O
17_25	CC1C(=O)C=CC2C1(C)CCC1C3(C)CCC4(C)CCC(C)(C)CC4C3(C)CC(C21C)O
17_26	CCCCC/C=C\C=C\C(=O)OC1CCC2(C)C3CCC4(C)C(CCC4(C)C3=CCC2C1(C)C)C(C)CCC=C(C)C
17_27	CC(C)C(=C)CCC(C)C1CCC2(C)C3=C(C(=O)CC12C)C1(C)CCC(C(C)(C)C1CC3=O)O
17_28	OC1CCC2(C)C(CC(C(C(CCC3C(C/C=C/C(C)(O)C)C)(C)C3(C)C4)=C2C4=C)=O)C1(C)C
17_29	C=C(C)C(C)CCC(C)C1CCC2(C)C3=C(CCC12C)C1(C)CCC(C(C)(C)C1CC3)O
17_30	CC(C)C(CCC(C)C1CCC2(C)C3CCC4C(C)(C)C(CCC54CC35CCC12C)O)OC
6_1	CC(C)C(CC1)C2C(CCC(C(CC3C(CCCC4(C)C(O)=O)(C)C4CCC3=C)=C(C)C(C5)=C)(C(O)=O)C5CC/C(C=O)=C\2)C1=C
6_2	CCCCCCCCCCCC(=O)O[C@]12[C@H]([C@@H]3C=C(C[C@]4([C@@H](C=C(C)C4=O)[C@]3([C@H](C)C1OC(=O)C(C)CC)O)O)CO)C2(C)C
8_1	CC1=CC2(C=C1)CCC1C(C)(C)C(=O)CCC1(C)C2CC(=O)O
8_2	C=C(CCC1C2C1(C)C)C(C2C(O)(C)C3O)C4=C3CC(C)C4=O
8_3	CC1=CCC(C(=CC(=O)C(=O)C(=CC2C(CC1)C2(C)C)C)C)O
8_4	CC1=C2C(=CC3C(CCC4C(C)(C)CCCC34C)C2O)OC1=O
8_5	CC(CO)C1=CC(=O)C2=C(CCC3C(C)(C)CCCC23C)C1=O
8_6	CC1=CC2C(=O)C(=CC2(C(=O)C(C)CC2C(CC1)C2(C)C)O)C
8_7	C=CC1(C)CCC2C(=CCC3C(C)(C)C(=O)C(=CC23C)O)C1O
8_8	CC1=CC2C(=O)C(C)CC2(C(=O)C(=CC2C(CC1)C2(C)C)C)O
8_9	C=CC1(C)C(=O)C=C2C(=CCC3C(C)(C)C(CCC23C)O)C1O
8_10	C=C(C)C1CCC(=C)C(Cc2c(C)cco2)C1(C)CCC(=O)O
10_1	O=C(C1(OC(C)=O)C[C@]([H])(C)[C@H](OC(C2=CC=CN=C2)=O)[C@]1([H])[C@H]3OC(C)=O)/C(C)=C/C(C4(C)C)([H])C4([H])CCC3=C
10_2	O=C(C1(OC(C)=O)C[C@]([H])(C)[C@H](OC(C2=CC=CC=C2)=O)[C@]1([H])[C@H]3OC(C)=O)/C(C)=C/C(C4(C)C)([H])C4([H])CC(OC(C5=CC=CC=C5O)=O)C3=C
10_3	CC(C(O)C1(O)C2OC(/C=C/C=C/CCCCC)=O)=CC13C(CC(C(C)4C)C4C(C3=O)C=C2COC(C)=O)C
10_4	CC(C(O)C1(O)C2OC(/C=C/C=C/C=C\CCC)=O)=CC13C(CC(C(C)4C)C4C(C3=O)C=C2COC(C)=O)C
10_5	CC12C(CCC(C3=O)=C2CC4C3=C(C)C(O4)=O)C5(C)C(C5)CC1
10_6	CC12C(CC=C(C3=O)C2CC4C3=C(C)C(O4)=O)C5(C)C(C5)CC1
10_7	CC(C1(C=C(C)C2OC(/C=C/C=C/CCCCC)=O)C2(O)C(O)C(COC(C)=O)=C3)CC4C(C4(C)C)C3C1=O
10_8	CC(C1(C=C(C)C2OC(/C=C/C=C\CCCCC)=O)C2(O)C(OC(C)=O)C(CO)=C3)CC4C(C4(C)C)C3C1=O
10_9	CCC/C=C/C=C/C=C/C(=O)OC1C(C)C2(C3C=C(C)C(=O)C3CC(=CC2C2C(C)(C)C12OC(=O)C(C)C)CO)O
10_10	O[C@H]([C@@H](CO)O[C@@H](OCC(NC(C(O)CCCCCCCCCCCCCCCCCCCCC)=O)C(O)C(O)CCC/C=C\CCCCCCCCC)[C@@H]1O)[C@@H]1O
10_11	CC1C(CC2(C)C(CCC3C2(C)O3)C21COC(c1ccoc1)C2=O)OC(=O)C
10_12	CC1C(CC2(C)C(CCC3C2(C)O3)C1(CC(=O)c1ccoc1)C=O)OC(=O)C
10_13	CC1C(OC(C)(C)O2)C(C2/C(C)=C/CC(C3(C)C)C3/C=C(C)/C4=O)C4(OC(C5=CC=CC=C5)=O)C1
10_14	CC(=C1C2C=C(CC3C(C=C(C)C3=O)C2(C(C)CC1=O)O)COC(=O)C)C
10_15	CC(C1(C=C(C)C2OC(/C=C/C=C\CCCCC)=O)C2C(O)C(CO)=C3)CC4C(C4(C)C)C3C1=O
10_16	CC(C1(C=C(C)C2OC(/C=C/C=C/CCCCC)=O)C2(O)C(O)C(C)=C3)CC4C(C4(C)C)C3C1=O
10_17	CC1(C2)C(CCC(C1CC3O4)=CC3=C(C)C4=O)C(C)(C)C(O)C2=O
10_18	CC12C(CCC3=CC(C4CC32O)=C(C)C(O4)=O)C(C)(C)C(CC1)=O
10_19	CC12C(CCC(C3=O)(O)C2CC4C3=C(C)C(O4)=O)C5(C)C(C5)CC1
10_20	CC(C)C(=O)OC1C(C)CC2(C1C1C(C)(CCC3C(C=C(C)C2=O)C3(C)C)O1)OC(=O)C
10_21	CCCCCCCCCCCCCCCCCCCCCCCC(C(=NC(COC1C(C(C(C(CO)O1)O)O)O)C(C(CCC/C=C/CCCCCCCCC)O)O)O)O
10_22	CC1C(OC(C)=O)C2C(C(/C(C)=C/C3C(C3(C)C)C/C=C(C)/C2O)=O)(OC(C4=CC=CC=C4)=O)C1
10_23	CC1=CCC2C(C=C(C)C(=O)C3(CC(C)C(C3C1OC(=O)C)O)OC(=O)c1ccccc1)C2(C)C
10_24	CC1=CC2C(CCC3(C)C(C4C(C(C)CC4(C1=O)OC(=O)C)OC(=O)c1ccccc1)O3)C2(C)C
10_25	CC1=CCC2C(C=C(CO)C(=O)C3(CC(C)C(C3C1O)O)OC(=O)/C=C/c1ccccc1)C2(C)C
10_26	CC1CC2(C(C1O)C1C(C)(CCC3C(C=C(CO)C2=O)C3(C)C)O1)OC(=O)/C=C/c1ccccc1
10_27	CC1=CCC2C(C=C(C)C(=O)C3(CC(C)C(C3C1OC(=O)/C=C/c1ccccc1)O)O)C2(C)C
10_28	CC1=CCC2C(C=C(C)C(=O)C3(CC(C)C(C3C1O)OC(=O)/C=C/c1ccccc1)O)C2(C)C
10_29	C=C1CCC2C(C=C(C)C(=O)C3(CC(C)C(C3C1O)O)OC(=O)/C=C/c1ccccc1)C2(C)C
10_30	CC1=CCC2C(C=C(C)C(=O)C3(CC(C)C(C3C1O)O)OC(=O)/C=C/c1ccccc1)C2(C)C
10_31	CC1=CC2C(CCC3(C)C(C4C(C(C)CC4(C1=O)O)OC(=O)/C=C/c1ccccc1)O3)C2(C)C
10_32	CC1=CC2C(CCC3(C)C(C4C(C(C)CC4(C1=O)OC(=O)/C=C/c1ccccc1)O)O3)C2(C)C
10_33	C=Cc1c(C)c(cc2c1CCC1C(C)(C)C(=O)CCC21C)O
10_34	C=C1C2C=C(C(CC3C(C)(C)CCCC3(C)C(=O)C(C2)OC(=O)C)OC(=O)C)C1=O
10_35	CC(C)C(C)C(=O)OC12CC(C)C3(C4C=C(C)C(=O)C4CC(=CC3C1C2(C)C)CO)O
10_36	CC1C(C(C2(C)C(CCC3C2(C)O3)C1(CCc1ccoc1)COC(=O)C)OC(=O)C)OC(=O)C
10_37	CC1C(OC(C)=O)C(C(O2)C2(C)CCC(C3(C)C)C3/C=C(C)/C4=O)C4(OC(C)=O)C1
10_38	C=C1C2CCC3C4(C)C(CC(C3(C1=O)C2O)OC(=O)C)C(C)(C)CCC4OC(=O)C
10_39	C=C1C2CCC3C4(C)C(CC(C3(C1=O)C2OC(=O)C)O)C(C)(C)CCC4OC(=O)C
10_40	CC(C1(C=C(C)C2O)C2(O)C(O)C(COC(CCCCCCCCCCCCCCC)=O)=C3)CC4C(C4(CO)C)C3C1=O
10_41	CC1/C=C/C(C)(C)C(OC(C2=CN=CC=C2)=O)CC(OC(C)=O)C(C(OC(C)=O)C3C(CC(C)C3OC(C)=O)(OC(C)=O)C1=O)=C
10_42	CC(C1OC(CCC)=O)CC2(OC(C)=O)C1C(OC(C3=CN=CC=C3)=O)C45C(C(C(C)=C)C=CC5OC(C)=O)C(C)(O)C2(O)OC4
10_43	C=C1C2CCC(=O)C3(C)C(CC(C4(C1=O)C2O4)O)C(C)(C)CCC3OC(=O)C
10_44	CC(C1(C=C(C)C2OC(CCCCCCCCCCCCC)=O)C2(O)C(O)C(CO)=C3)CC4C(C4(C)C)C3C1=O
22_1	CCCCCCCCCCCCCCCCCCCCCCCC(=NC(CO)C(C(CCC/C=C/CCCCCCCCC)O)O)O
22_2	CCCCCCCCCCCCCCCCCCCCCC(=NC(CO)C(C(CCC/C=C/CCCCCCCCC)O)O)O
22_3	OCC(NC(C(O)CCCCCCCCCCCCCCCCCCCCCCCC)=O)C(O)C(O)CCC/C=C/CCCCCCCCC
22_4	CCCCCCCCCCCCCCCCCCCCCCC(=NC(CO)C(C(CCC/C=C/CCCCCCCCC)O)O)O
23_1	CC(C)C(C)CCC(C)C1CCC2C3C(CCC12C)C1(C)CCC(CC1=CC3O)O
23_2	CC1(C2C(C(CCC3C(CCC(C(C)C)=C)C)C3(C)CC2)CC4O)C4CC(O)CC1
23_3	CC(C)C(C)CC(=O)C(C)C1CCCC2C=CCCC(CCC(C)C2=CCC1C)O
511_1	CC(CCC(C(C)(C)O)O)C1CCC2(C)C3=CCC4C(C)(C)C(=O)C(CC4(C)C3CCC12C)O
511_2	O=C(OCCCCCCCCCCCCCCCCCCCCCCCCCCCC)/C=C/C1=CC(OC)=C(O)C=C1
511_3	CCCCCCC(CC)COC(=O)c1ccccc1C(=O)OCC(CC)CCCCCC
511_4	CC(CCC(C(C)(C)O)O)C1CCC2(C)C3=CCC4C(C)(C)C(=O)C(=CC4(C)C3CCC12C)O
511_5	CC(OC1CCC2(C3)C(CCC4C23CCC5(C)C4(C)CCC5C(CCC(OC(C)=O)C(C)=C)C)C1(C)C)=O
27_1	CC(C)CCCC(C)C1CCC2(C)C3=C(C(=O)CC12C)C1(C)CCC(C(C)C1CC3O)O
29_1	CC1/C=C/C(C)(C)C(O)CC(O)/C(C)=C/C2C(CC(C)C2OC(C3=CC=CC=C3)=O)(O)C1OC(C)=O
32_1	O[C@H]([C@@H](CO)O[C@@H](OCC(NC(C(O)CCCCCCCCCCCCCCCC)=O)C(O)C(O)C(O)/C=C\CCCCCCCCCCC)[C@@H]1O)[C@@H]1O
32_2	CCCCC/C=C\C/C=C\CCCCCCCC(=O)OCC1=C[C@H]2[C@@H]3C(C)(C)[C@@]3([C@@H]([C@@H](C)[C@@]2([C@@H]2C=C(C)C(=O)[C@]2(C1)O)O)O)OC(=O)C
32_3	CCCCCCCCCCCCCCCC(=O)OCC1=CC2C3C(C)(C)C3(CC(C)C3(C=C(C)C(C3(C1O)O)OC(=O)C(C)C(C)C)C2=O)OC(=O)CCCCCCCCCCC
601_1	C=C1C2CCC(=O)C3(C)C(CC(C(=C2)C1=O)O)C(C)(C)CCC3OC(=O)C
601_2	CC1C(CC2(C)C(CCC3C2(C)O3)C1(CCc1ccoc1)C=O)OC(=O)C
192_1	C=C(C(OC)=O)C1=CC2(O)CCC3C(C)(C)CCCC3(C)C2CC1=O
192_2	Cc1cc2c(cc1OC)C1(C)CCC(C(C)(C)C1CC2=O)OC(=O)C
192_3	CCCCCCCCC1CCC(c2c1c(=O)c(c(C)[nH]2)OC)OC(=O)C
192_4	COc1ccc2c3CCN4CCc5c6ccccc6[nH]c5C4c3[nH]c2c1
38_1	C=CC1(C)C=C2CCC3C(C)(C)C(CCC3(C)C2=CC1=O)O
38_2	CC(C)C1C=CC(=CCC=C(C)CC2C=C(CC1)C(=O)O2)C
53_1	CCCCC/C=C\C/C=C\CCCCCCCC(=O)OCC1=C[C@H]2[C@@H]3C(C)(C)[C@@]3([C@@H]([C@@H](C)[C@@]2([C@@H]2C=C(C)C(=O)[C@]2(C1)O)O)O)OC(=O)C
60_1	CC(C)C(C)CCC(C)C1CCC2C3CCC4=CC(=O)CCC4(C)C3CCC12C
62_1	O=C(OCCCCCCCCCCCCCCCCCCCCCCCCCCCC)/C=C/C1=CC(OC)=C(O)C=C1
66_1	CC(C1(C=C(C)C2OC(CCCCCCCCCCCCC)=O)C2(O)C(O)C(CO)=C3)CC4C(C4(C)C)C3C1=O
66_2	CC(CCC(C(C)(C)O)O)C1CCC2(C)C3=CCC4C(C)(C)C(=O)C(CC4(C)C3CCC12C)O
66_3	CCOC(C)(C)/C=C/CC(C)C1CCC2(C)C3CCC4C(C)(C)C(CCC54CC35CCC12C)O
66_4	CC(C1=O)=CC2C1(O)CC(COC(C)=O)=CC3C2(O)C(C)CC4(OC(CCCCCCC/C=C\CCCCCCCC)=O)C3C4(C)C
66_5	CC(C)C(=C)CCC(C)C1CCC2(C)C3CCC4C(C)C(CCC54CC35CCC12C)OC(=O)/C=C/c1ccc(c(c1)OC)O
66_6	CC(C1(C=C(C)C2O)C2(O)C(O)C(COC(CCCCCCCCCCCCCCC)=O)=C3)CC4C(C4(CO)C)C3C1=O
66_7	CC1=CC2C(C(C)CC2(C(=O)C(=CC2C(CC1)C2(C)C)C)OC(=O)C)O
66_8	C=C1C2CC(C3C4(C)CCCC(C)(C)C4CC(C3(C2)C1=O)OC(=O)C)O
66_9	C=CC1(C)CCC2=C(C1)C(=O)CC1C2(C)CCC(C1(C)COC(=O)C)O
66_10	C=C1C2CCC3C4(C)CCCC(C)(COC(=O)C)C4CC(C3(C2)C1=O)O
66_11	C=C1C2CC(C3C4(C)CCCC(C)(COC(=O)C)C4CCC3(C2)C1=O)O
66_12	CC(C)C(C)C(=O)OC12CC(C)C3(C4C=C(C)C(=O)C4CC(=CC3C1C2(C)C)CO)O
66_13	C=C(C)C(CCC(C)C1CCC2(C)C3CC=C4C(CCC(C4(C)C)O)C3(C)CCC12C)O
66_14	CC1CCC2(C)C(CC3(C)C(=CCC4C5(C)CCC(C(C)(C)C5CCC34C)O)C2C1C)O
66_15	CC(CC1CC(C)(C)OC(C)(C)O1)C1CCC2(C)C3CCC4C(C)(C)C(CCC54CC35CCC12C)O
66_16	CC1=CC2(C=C1)CCC1C(C)(C)C(=O)CCC1(C)C2CC(=O)O
66_17	CC1=CCC(C(=CC(=O)C(=O)C(=CC2C(CC1)C2(C)C)C)C)O
66_18	CC(CO)C1=CC(=O)C2=C(CCC3C(C)(C)CCCC23C)C1=O
66_19	CC1=C2C(=CC3C(CCC4C(C)(C)CCCC34C)C2O)OC1=O
66_20	CC1=CC2C(=O)C(=CC2(C(=O)C(C)CC2C(CC1)C2(C)C)O)C
66_21	C=C(C)C1CCC(=C)C(Cc2c(C)cco2)C1(C)CCC(=O)O
66_22	CC1=CC2C(=O)C(C)CC2(C(=O)C(=CC2C(CC1)C2(C)C)C)O
66_23	C=C(CCC1C2C1(C)C)C(C2C(O)(C)C3O)C4=C3CC(C)C4=O
66_24	CC1=C2C=C3CCC4C(C)(C)CCCC4(C)C3CC2(O)OC1=O
66_25	C=C1C(=O)OC2CC3C(=CC12O)CCC1C(C)(C)CCCC31C
66_26	CCC(C/C=C(/C)\C1CCCC2CC=C3CC(CCC3(C)C2CCC1C)O)C(C)C
66_27	CCC(CCC(C)C1CC=CC2CC=C3CC(CCC3(C)C2CCC1C)O)C(C)C
66_28	COc1ccc2c3CCN4CCc5c6ccccc6[nH]c5C4c3[nH]c2c1
12_1	CC1(CCCC2(C)C3CCC4CC3(C(CC12)O)C(=O)C4(CCC1(C2CCC3C4(C)CCCC(C)(CO)C4CC(C3(C2)C1=O)O)O)O)CO
12_2	CC(C1(C=C(C)C2OC(/C(C)=C\C)=O)C2(O)C(O)C(CO)=C3)CC4C(C4(COC(CCCCCCCCCCCCCCC)=O)C)C3C1=O
12_3	CC(C1(C=C(C)C2OC(CCCCCCCCCCCCCCC)=O)C2(O)C(OC(/C(C)=C\C)=O)C(CO)=C3)CC4C(C4(CO)C)C3C1=O
12_4	CC(C1(C=C(C)C2O)C2(O)C(OC(/C(C)=C\C)=O)C(CO)=C3)CC4C(C4(COC(CCCCCCCCCCCCCCC)=O)C)C3C1=O
12_5	CCCCC/C=C\C/C=C\CCCCCCCC(=O)OCC1=C[C@H]2[C@@H]3C(C)(C)[C@@]3([C@@H]([C@@H](C)[C@@]2([C@@H]2C=C(C)C(=O)[C@]2(C1)O)O)O)OC(=O)/C(=C/C)/C
186_1	CC(C)CCCC(C)C1CCC2(C)C3=C(C(=O)CC12C)C1(C)CCC(C(C)C1CC3O)O
186_2	CC(C)C1CCC2C1(C)CCC1(C)C3CCC(C(=C)C)(C(CCCO)C3(C)CCC21C)O
186_3	CC1(C)C(O)CCC2(C3)C1CCC4C23CCC5(C)C4(C)CCC5C(CCCC(CO)C)C
36_1	CC(OC1CCC2(C)C(CC=C3C2CCC4(C)C3(C)CCC5(C(C)C)C4C(C)CC5)C1(C)C)=O
36_2	CC(OC1CCC2(C)C(CCC3(C)C2CCC4(C)C3=CCC5(C(C)C)C4C(C)CC5)C1(C)C)=O
36_3	CC(=O)O[C@@H]1CC[C@@]2(C)C(CC[C@]3(C)[C@@H]2CC[C@@H]2C4CC(C)(C)CC[C@]4(C)C=C[C@@]32C)C1(C)C
36_4	CC(C)C(C)CC(=O)C(C)C1CCCC2C=CCCC(CCC(C)C2=CCC1C)O
36_5	CC(C)C(C)CCC(C)C1CCC2C3C(CCC12C)C1(C)CCC(CC1=CC3O)O
36_6	CC1(C2C(C(CCC3C(CCC(C(C)C)=C)C)C3(C)CC2)CC4O)C4CC(O)CC1
36_7	C=C(C)C(CCC(C)C1CCC2(C)C3CC=C4C(CCC(C4(C)C)O)C3(C)CCC12C)O
36_8	CC1CCC2(C)C(CC3(C)C(=CCC4C5(C)CCC(C(C)(C)C5CCC34C)O)C2C1C)O
36_9	CC(C)C1CCC2C1(C)CCC1(C)C3CCC(C(=C)C)(C(CCCO)C3(C)CCC21C)O
36_10	CC1(C)C(O)CCC2(C3)C1CCC4C23CCC5(C)C4(C)CCC5C(CCCC(CO)C)C
36_11	OC1CCC2(C3)C(CCC4C23CCC5(C)C4(C)CCC5C(CC(C(C(C)(O)C)O)C)C)C1(C)C
36_12	CC(C)C(CCC(C)C1CCC2(C)C3CCC4C(C)(C)C(CCC54CC35CCC12C)O)OC
36_13	OC1CCC2(C3)C(CCC4C23CCC5(C)C4(C)CCC5C(CCC(C(C)(C)O)O)C)C1(C)C
36_14	CC(C)CCCC(C)C1CCC2(C)C3=C(C(=O)CC12C)C1(C)CCC(C(C)C1CC3O)O
36_15	OC1CCC2(C)C(CC(C(C(CCC3C(C/C=C/C(C)(O)C)C)(C)C3(C)C4)=C2C4=C)=O)C1(C)C
36_16	CC(C)C(=C)CCC(C)C1CCC2(C)C3=C(C(=O)CC12C)C1(C)CCC(C(C)(C)C1CC3=O)O
36_17	CC(CCC(C(C)(C)O)O)C1CCC2(C)C3=CCC4C(C)(C)C(=O)C(CC4(C)C3CCC12C)O
36_18	O[C@H]([C@@H](CO)O[C@@H](OCC(NC(C(O)CCCCCCCCCCCCCCCC)=O)C(O)C(O)C(O)/C=C\CCCCCCCCCCC)[C@@H]1O)[C@@H]1O
36_19	CC(C)C(C)C(=O)OC12CC(C)C3(C4C=C(C)C(=O)C4CC(=CC3C1C2(C)C)C)O
36_20	CCCCCCC(CC)COC(=O)c1ccccc1C(=O)OCC(CC)CCCCCC
2_1	O[C@H]([C@@H](CO)O[C@@H](OCC(NC(C(O)CCCCCCCCCCCCCC)=O)C(O)/C=C/CC/C=C/CCCCCCCCC)[C@@H]1O)[C@@H]1O
2_2	CCCCCCCCCCCCCCCCCCCCCCCC(C(=NC(COC1C(C(C(C(CO)O1)O)O)O)C(C(CCC/C=C/CCCCCCCCC)O)O)O)O
2_3	O[C@H]([C@@H](CO)O[C@@H](OCC(NC(C(O)CCCCCCCCCCCCCCCCCCCCC)=O)C(O)C(O)CCC/C=C\CCCCCCCCC)[C@@H]1O)[C@@H]1O
2_4	O[C@H]([C@@H](CO)O[C@@H](OCC(NC(C(O)CCCCCCCCCCCCCCCC/C=C\CCCCCCCC)=O)C(O)C(O)CCC/C=C\CCCCCCCCC)[C@@H]1O)[C@@H]1O
2_5	O[C@H]([C@@H](CO)O[C@@H](OCC(NC(C(CCCCCCCCCCCCCCCC/C=C\CCCCCCCC)O)=O)C(O)C(O)C(O)/C=C\CCCCCCCCCCC)[C@@H]1O)[C@@H]1O
2_6	O[C@H]([C@@H](CO)O[C@@H](OCC(NC(C(O)CCCCCCCCCCCCCCCCCCCCCCCCCC)=O)C(O)C(O)CCC/C=C\CCCCCCCCC)[C@@H]1O)[C@@H]1O
2_7	CCCCCCCCCCCCCCCC(=O)OCC1=CC2C3C(C)(C)C3(CC(C)C3(C=C(C)C(C3(C1O)O)OC(=O)C(C)C(C)C)C2=O)OC(=O)CCCCCCCCCCC
82_1	O[C@H]([C@@H](CO)O[C@@H](OCC(NC(C(O)CCCCCCCCCCCCCCCCCCCC)=O)C(O)C(O)CCC/C=C\CCCCCCCCC)[C@@H]1O)[C@@H]1O
3_1	O[C@H]([C@@H](CO)O[C@@H](OCC(NC(C(O)CCCCCCCCCCCCCCCCCCCCC)=O)C(O)C(O)CCC/C=C\CCCCCCCCC)[C@@H]1O)[C@@H]1O
3_2	O[C@H]([C@@H](CO)O[C@@H](OCC(NC(C(O)CCCCCCCCCCCCCCCCCCCC)=O)C(O)C(O)CCC/C=C\CCCCCCCCC)[C@@H]1O)[C@@H]1O
3_3	CC12C(CC(O[C@@H]([C@@H]3O)O[C@H](CO)[C@H](O)[C@@H]3O)CC2)=CCC4C1CCC5(C)C4CCC5C(CCC(CC)C(C)C)C
141_1	CC(C(OC(C1=CC=CC=C1/N=C(O)/C2=C(/N=C(O)/C3=C(NC)C=CC=C3)C(O)=CC=C2)=O)C4(O)C5O)=CC46C(CC(C(C)7C)C7C(C6=O)C=C5COC(C)=O)C
141_2	CC(C(OC(C1=CC=CC=C1/N=C(O)/C2=C(/N=C(O)/C3=C(N(C)C)C=CC=C3)C(O)=CC=C2)=O)C4(O)C5O)=CC46C(CC(C(C)7C)C7C(C6=O)C=C5COC(C)=O)C
141_3	CC(C(O)C1(O)C2OC(C3=CC=CC=C3/N=C(O)/C4=C(/N=C(O)/C5=CC=CC=C5)C(O)=CC=C4)=O)=CC16C(CC(C(C)7C)C7C(C6=O)C=C2COC(C)=O)C
141_4	CC1=CC23C(C)CC4C(C(C=C(COC(=O)C)C(C3(C1OC(=O)c1ccccc1N=C(c1cccc(c1N=C(c1ccccc1N(C)C)O)O)O)O)O)C2=O)C4(C)C
141_5	CC1=CC23C(C)CC4C(C(C=C(CO)C(C3(C1OC(=O)c1ccccc1N=C(c1cccc(c1N=C(c1ccccc1N(C)C)O)O)O)O)OC(=O)C)C2=O)C4(C)C
141_6	CC(C1(C=C(C)C2OC(C3=C(NC(C4=CC=CC=C4N)=O)C=CC=C3)=O)C2(O)C(OC(C)=O)C(COC(C)=O)=C5)CC6(C)C(C6(C)C)C5C1=O
141_7	CC(C1(C=C(C)C2OC(C)=O)C2(O)C(OC(C3=C(NC(C4=CC=CC=C4N)=O)C=CC=C3)=O)C(COC(C)=O)=C5)CC6(C)C(C6(C)C)C5C1=O
141_8	C/C1=C\C2C(C2(C)C)CCC3(C)C(O3)C4C(O)C(COC(C5=CC=CC=C5)=O)CC4(OC(/C=C/C6=CC=CC=C6)=O)C1=O
141_9	CC1/C=C/C(C)(C)C(OC(C2=CN=CC=C2)=O)C(O)C(OC(C(C)C)=O)C(C(OC(C)=O)C3C(CC(OC(C)=O)(C)C3OC(C4=CC=CC=C4)=O)(O)C1=O)=C
141_10	CC1=C[C@H]2[C@@H]3C(C)(C)[C@@]3([C@@H]([C@@H](C)[C@@]2([C@@H]2C=C(C)C(=O)[C@]2([C@@H]1O)O)O)OC(=O)c1ccccc1N=C(c1ccccc1NC)O)OC(=O)C
141_11	CC1CC23C(/C=C(C)/C(OC(C4=CC=CC=C4)=O)C(OC(C)=O)C(C5(C)C)C5C(OC(C)=O)C(C)C2=O)(O3)C1OC(C6=CC=CC=C6)=O
141_12	CC(OC(C(C(OC(C1=CC=CC=C1)=O)CC(C2(C)C)C2/C=C3\C)=C)C4C(OC(C5=CC=CC=C5)=O)C(C)CC3(O)C4=O)=O
141_13	CCC(=O)OC1C(C(C(C)(C)C=CC(C)C(C2(CC(C)(C3C2C(C1(CCC(=O)O3)O)OC(=O)c1ccccc1)OC(=O)C)O)OC(=O)C)OC(=O)C)OC(=O)C
141_14	CC1/C=C/C(C)(C)C(OC(C)=O)C(O)C(OC(C)=O)C(C(OC(C)=O)C2C(CC(OC(C)=O)(C)C2OC(C3=CC=CC=C3)=O)(O)C1OC(C)=O)=C
141_15	CC(C1OC(CC)=O)CC2(OC(C)=O)C1C(OC(C)=O)C3(CO4)C(C5C(C5(C)C)CC3OC(C6=CC=CC=C6)=O)C4(C)C2OC(C7=CC=CC=C7)=O
141_16	CC1C(C2C(C)(C)C(OC(C)=O)C(OC(C3=CC=CC=C3)=O)C(OC(C)=O)C(C(OC(C)=O)C4C(CC(C)(O)C4OC(C)=O)(OC(C)=O)C1(O2)O)=C)=O
141_17	CC(C1OC(C)=O)CC2(O)C1C(OC(C3=CC=CC=C3)=O)C4(CO5)C(C(C(OC6=O)(C)C)C(C6)C(OC(C7=CC=CC=C7)=O)C4=O)C5(C)C2OC(CC)=O
141_18	CC(C1OC(CC)=O)CC2(O)C1C(OC(C)=O)C3(CO4)C(C5C(CC5(C)OC(C)=O)C(OC(C6=CC=CC=C6)=O)C3=O)C4(C)C2OC(C7=CC=CC=C7)=O
141_19	CC1(OC(C)=O)C(OC(C2=CN=CC=C2)=O)C(C(OC(C)=O)C3(CO3)CCC(C4(C)C)C4/C=C(C)/C5=O)C5(OC(C)=O)C1
141_20	CC1/C=C/C(C)(C)C2(O)C(OC(C)=O)C(OC(C3=CC=CC=C3)=O)C(O2)(C)/C=C4C(CC(C)C/4OC(C5=CC=CC=C5)=O)(OC(C)=O)C1OC(C)=O
141_21	CC(C1OC(C)=O)CC2(OC(C)=O)C1C(OC(C)=O)C3(CO4)C(C(C(C)=C)C=CC3OC(C5=CN=CC=C5)=O)C4(C)C2OC(C6=CN=CC=C6)=O
98_1	C=C1CCc2c(c(C)co2)C2C1C13C(C(C)CC1(C1C2(C)O1)O3)OC(=O)C
624_1	CC(C/C=C/C(C)(C)OO)C1CCC2(C)C3=C(C(=O)CC12C)C1(C)CCC(C(C)(C)C1CC3=O)O
100_1	CC12C(CCC3=CC(C4CC32O)=C(C)C(O4)=O)C(C)(C)C(CC1)=O
100_2	CC1(C2)C(CCC(C1CC3O4)=CC3=C(C)C4=O)C(C)(C)C(O)C2=O
100_3	CC12C(CCC(C3=O)(O)C2CC4C3=C(C)C(O4)=O)C5(C)C(C5)CC1
100_4	CC12C(CC(O)C(C2CC3O4)=CC3=C(C)C4=O)C(C)(C)C(O)CC1
100_5	CC1=C2C=C3CCC4C(C)(C)C(CCC4(C)C3(CC2OC1=O)O)O
100_6	O=C1C(C)=C2C=C3CCC4C(C)(C)C(O)CC(O)C4(C)C3CC2O1
100_7	C=C1C2CCC(=O)C3(C)C(CC(C(=C2)C1=O)O)C(C)(C)CCC3O
100_8	CC12C(CCC(C2CC3O4)=CC3=C(C)C4=O)C(C)(C)C(O)C(O)C1
100_9	CC1CCC(C)(C)C2CCC(C)(C=C3C(=O)C(=CC3(C1=O)O)C)O2
100_10	CC1(C)C(CCC2(C)C1CCC34C2CC(C(C=O)=C4)C(O)C3O)=O
100_11	C=C1C2CC3C4(C)CCC(=O)C(C)(C)C4CCC3(C1O)C(=O)C2O
100_12	C=C1CCC2C(C)(CCCC2(C)C(=O)O)C1CCC1=CCOC1=O
100_13	CC1CCC2(C)C(CCC(C2(C)O)O)C21C=C(c1ccoc1)OC2
100_14	CC1CC2C(CCC3(C)C(C4C(=O)C(=CC4(C1=O)O)C)O3)C2(C)C
100_15	C=C1C2CCC3C(CCC4C(C)(C)CCCC34C(=O)O)(C2)OC1=O
100_16	C=C1C2CCC3C4(C)CCCC(C)(C4CCC3(C2)OC1=O)C(=O)O
414_1	C/C=C\CC/C(C)=C/CC/C(C)=C/CC(C(CC/C=C(C)/CCC=C(C)C)=C)CO
414_2	CCC(/C=C/C(C)C1CCC2C3CC=C4CC(CCC4(C)C3CCC12C)O)C(C)C
414_3	CC1C(CCC2C1(C)CCC1C3=CCC4(C)CCC(C)(C)CC4C3(C)CCC21C)O
414_4	CCC(CCC(C)C1CCC2C3CC=C4CC(=O)CCC4(C)C3CCC12C)C(C)C
1_1	CC(/CCC1C(=C)CCC2C(C)(C)CCCC12C)=C/CO
1_2	CC(C)C1=CC=C(C)CCC=C(C)CCC=C(CC1)C=O
1_3	CC1=CCCC(=CC2C(CCC(=CCC1)C)C2(C)C)C=O
1_4	CC(C)C1C=CC(=CCC=C(C)CC2C=C(CC1)C(=O)O2)C
1_5	C=CC1(C)C=C2CCC3C(C)(C)C(CCC3(C)C2=CC1=O)O
5_1	C\C(CC[C@H]1C(=C)CCC2[C@@](C)(CCC[C@]12C)C=O)=C/CO
5_2	C=C/C(=C/CC1C(=C)CCC(C(C)C)C1(C)CCC(=O)O)/C
5_3	C=C/C(=C/CC1C(=C)CCC2C(C)(C)C(C(CC12C)O)O)/C
5_4	C=CC1(C)CCC2(C)C(CCC3C2=CC(C(C3(C)C)O)O)C1
5_5	CC1(C)C2CCC34CC(CCC4C2(C)CCC1O)C(=C3)CO
5_6	CC(=CCC/C(=C/CCC(C)(C1CC=C(C)C(=O)C1)O)/C)C
5_7	CC1(C)C2CCC34CC5CC(C4C2(C)CCC1O)OC5(C)C3
5_8	CC(C)C1=CC=C(C)CC(=O)CC(C)CC(=O)CC(C)CC1
5_9	C=CC1C(=C)CCC2C1CCC(C(=C)C)C2(C)CCC(=O)O
5_10	C=C(C)C1CCC23CC4C(CC3C1(C)CCC(=O)O)C4(C)C2
5_11	CC(C)C1C=CC(=CCC=C(C)CCC=C(CC1)C(=O)O)C
5_12	CC(C)CC/C=C(/C1CCC(=C)C2CC=C(C)C2C1)\C(=O)O
5_13	C/C1=C\CC/C(C(O)=O)=C/C2C(C2(C)C)CC/C(C)=C/CC1
5_14	CC1=CCCC(=CCC(=O)C(=CC2C(CC1)C2(C)C)CO)C
5_15	CC12CCC(=O)C(C)(CO)C1CCC13CC4C(CC23)C4(C)C1
5_16	C/C1=C\CC(O)/C(C=O)=C\C2C(C2(C)C)CC/C(C)=C/CC1
5_17	C=CC1(C)CC2=CCC3C(C)(C)C(=O)CCC3(C)C2CC1O
5_18	CC1(C)CCCC2(C)C3CC/C(=C(\C=O)/CO)/C=C3CCC12
5_19	O[C@H]([C@@H](CO)O[C@@H](OCC(NC(C(O)CCCCCCCCCCCCCC)=O)C(O)/C=C/CC/C=C/CCCCCCCCC)[C@@H]1O)[C@@H]1O
5_20	CC(C)C1=CC=C(C)CCC=C(C)CCC(C(=C)CC1)O
5_21	CC1(C)C(O)CCC2(C)C1CCC3=CC(C=C)(C)CCC32
5_22	C=C/C(=C/CC1C(=CCC2C(C)(C)CCCC12C)CO)/C
5_23	C=CC1C(=C)CCC2C1CCC1C(C)(C)C(CCC21C)O
5_24	C=C1CC23CCC4C(C)(C)C(CCC4(C)C3CCC1C2)O
5_25	C=C1CC23CCC4C(C)(C)C(CCC4(C)C2CC1CC3=O)O
383_1	CC1C(OC(C)=O)C2(/C=C(C)\C(OC(C(C)C)=O)C(OC(C)=O)C(C3(C)C)C3C(OC(C)=O)C(C)C4=O)C4(O2)C1
383_2	CC(C1=O)/C=C/C(C)(C)C(CC(OC(C(C)C)=O)C(C(OC(C)=O)C2C1(OC(C)=O)CC(C)C2OC(C)=O)=C)=O
383_3	CC1C(OC(C)=O)C2(/C=C(C)\C(OC(/C(C)=C/C)=O)C(OC(/C(C)=C/C)=O)C(C3(C)C)C3C(OC(C)=O)C(C)C4=O)C4(O2)C1
383_4	CC(OC(C(C1(C)C)C1C(C2C)OC(C)=O)C(OC(/C(C)=C/C)=O)/C(C)=C/C3(O4)C4(CC(C)C3OC(/C(C)=C/C)=O)C2=O)=O
148_1	CC(C)C(=C)CCC(C)C1CCC2(C)C3CCC4C(C)(CO)C(CCC54CC35CCC12C)O
148_2	OC1CCC2(C3)C(CCC4C23CCC5(C)C4(C)CCC5C(C)C/C=C/C(C)(OC)C)C1(C)C
148_3	C=C(C)C(C)(CCC(C)C1CCC2(C)C3=C(CCC12C)C1(C)CCC(C(C)(C)C1CC3)O)O
133_1	CC(C1=O)=CC2C1(O)CC(CO)=CC3C2(O)C(C)CC4(OC(CCCCCCCC5C(C5)C)=O)C3C4(C)C
134_1	CC(C1(C=C(C)C2O)C2(O)C(O)C(COC(CCCCCCCCCCCCCCC)=O)=C3)CC4C(C4(CO)C)C3C1=O
136_1	O[C@H]([C@@H](CO)O[C@@H](OCC(NC(C(O)CCCCCCCCCCCCCCCCCCCCC)=O)C(O)C(O)CCC/C=C\CCCCCCCCC)[C@@H]1O)[C@@H]1O
149_1	CC1C(CCC2C1(C)CCC1C3=CCC4(C)CCC(C)(C)CC4C3(C)CCC21C)O
149_2	CCC(/C=C/C(C)C1CCC2C3CC=C4CC(CCC4(C)C3CCC12C)O)C(C)C
149_3	CCC(CCC(C)C1CCC2C3CC=C4CC(=O)CCC4(C)C3CCC12C)C(C)C
149_4	C/C=C\CC/C(C)=C/CC/C(C)=C/CC(C(CC/C=C(C)/CCC=C(C)C)=C)CO
433_1	O[C@H]([C@@H](CO)O[C@@H](OCC(NC(C(O)CCCCCCCCCCCCCCCCCCCCC)=O)C(O)C(O)CCC/C=C\CCCCCCCCC)[C@@H]1O)[C@@H]1O
170_1	CC(C)C(CCC(C)C1CCC2(C)C3CCC4C(C)(C)C(CCC54CC35CCC12C)O)OC
170_2	CC(C)C1CCC2C1(C)CCC1(C)C3CCC(C(=C)C)(C(CCCO)C3(C)CCC21C)O
170_3	CC1(C)C(O)CCC2(C3)C1CCC4C23CCC5(C)C4(C)CCC5C(CCCC(CO)C)C
170_4	CC(C)C1CCC2C1(C)CCC1(C)C(=O)C3(CCC21C)C(CC1C(C)(C)C(CCC31C)O)O
170_5	CC(=CCCC(C)C1CCC2(C)C(=O)C3(CCC12C)C(CC1C(C)(C)C(CCC31C)O)O)C
170_6	CC1(C)CCC2(C)CCC3(C)C(=O)C4(CCC3(C)C2C1)C(CC1C(C)(C)C(CCC41C)O)O
170_7	CC1(C)CCC2(C)CC(C3(C)C(=CCC4C5(C)CCC(C(C)(CO)C5CCC34C)O)C2C1)O
170_8	CC(C)(C/C=C/C(C)(C1CCC2(C)C3CCC4C(C)(C)C(CCC54CC35CCC12C)O)O)O
170_9	O=C(OCCCCCCCCCCCCCCCCCCCCCCCCCCCC)/C=C/C1=CC(OC)=C(O)C=C1
170_10	CCCCCCC(CC)COC(=O)c1ccccc1C(=O)OCC(CC)CCCCCC
170_11	CC(C)CCCC(C)C1CCC2(C)C3=C(C(=O)CC12C)C1(C)CCC(C(C)C1CC3O)O
170_12	CC(OC1CCC2(C3)C(CCC4C23CCC5(C)C4(C)CCC5C(CCC(OC(C)=O)C(C)=C)C)C1(C)C)=O
1192_1	CC1C(OC(C)=O)C(/C=C(C)/CCC(C2(C)C)C2/C=C(C)/C3=O)C3(OC(C)=O)C1
196_1	CC1(C)CCC2(C)CCC3(C)C(=CC=C4C5(C)CCC(C(C)(C)C5CCC34C)O)C2C1
196_2	CC1CCC2(C)CCC3(C)C(=CC=C4C5(C)CCC(C(C)(C)C5CCC34C)O)C2C1C
196_3	CC(C)C1CCC2C1(C)CCC1(C)C3=CCC4C(C)(C)C(CCC4(C)C3=CCC21C)O
196_4	CC(C)C(=C)CCC(C)C1CCC2(C)C3=C(CCC12C)C1(C)CCC(=O)C(C)C1CC3
196_5	CC1(C)CCC2(C)CC=C3C4(C)CCC5C(C)(C)C(=O)CCC5(C)C4CCC3(C)C2C1
852_1	C=C1C2CCC(=O)C3(C)C(CC(C(=C2)C1=O)O)C(C)(C)CCC3OC(=O)C
852_2	CC1C(CC2(C)C(CCC3C2(C)O3)C1(CCc1ccoc1)C=O)OC(=O)C
156_1	CC(CC1CC(C)(C)OC(C)(C)O1)C1CCC2(C)C3CCC4C(C)(C)C(CCC54CC35CCC12C)O
210_1	C/C=C\CC/C(C)=C/CC/C(C)=C/CC(C(CC/C=C(C)/CCC=C(C)C)=C)CO
210_2	CCC(/C=C/C(C)C1CCC2C3CC=C4CC(CCC4(C)C3CCC12C)O)C(C)C
210_3	CC1C(CCC2C1(C)CCC1C3=CCC4(C)CCC(C)(C)CC4C3(C)CCC21C)O
210_4	CCC(CCC(C)C1CCC2C3CC=C4CC(=O)CCC4(C)C3CCC12C)C(C)C
85_1	CC(=C1C2C=C(CC3C(C=C(C)C3=O)C2(C(C)CC1=O)O)COC(=O)C)C
85_2	CC1(C2)C(CCC(C1CC3O4)=CC3=C(C)C4=O)C(C)(C)C(O)C2=O
85_3	CC12C(CCC3=CC(C4CC32O)=C(C)C(O4)=O)C(C)(C)C(CC1)=O
85_4	CC12C(CCC(C3=O)(O)C2CC4C3=C(C)C(O4)=O)C5(C)C(C5)CC1
201_1	CC(C)(C/C=C/C(C)(C1CCC2(C)C3CCC4C(C)(C)C(CCC54CC35CCC12C)O)O)O
201_2	CC1(C)CCC2(C)CC(C3(C)C(=CCC4C5(C)CCC(C(C)(CO)C5CCC34C)O)C2C1)O
201_3	CC(=CCCC(C)C1CCC2(C)C(=O)C3(CCC12C)C(CC1C(C)(C)C(CCC31C)O)O)C
201_4	CC(C)C1CCC2C1(C)CCC1(C)C(=O)C3(CCC21C)C(CC1C(C)(C)C(CCC31C)O)O
201_5	CC1(C)CCC2(C)CCC3(C)C(=O)C4(CCC3(C)C2C1)C(CC1C(C)(C)C(CCC41C)O)O
792_1	CC1(C)C2CCC3(C)C(CC=C4C5C(C)(C(C)(CCC5(CCC34C)C(=O)O)O)O)C2(C)C(CC1O)O
792_2	CC1C2C3=CCC4C(C)(CCC5C(C)(C)C(C(C(C45C)O)O)O)C3(C)CCC2(CCC1(C)O)C(=O)O
259_1	CC(C)CCCC(C)C1CCC2(C)C3=C(C(=O)CC12C)C1(C)CCC(C(C)C1CC3O)O
259_2	CC(C)C1CCC2C1(C)CCC1(C)C3CCC(C(=C)C)(C(CCCO)C3(C)CCC21C)O
259_3	CC1(C)C(O)CCC2(C3)C1CCC4C23CCC5(C)C4(C)CCC5C(CCCC(CO)C)C
233_1	CC(C)C(CC1)C2C(CCC(C(CC3C(CCCC4(C)C(O)=O)(C)C4CCC3=C)=C(C)C(C5)=C)(C(O)=O)C5CC/C(C=O)=C\2)C1=C
233_2	CCCCCCCCCCCC(=O)O[C@]12[C@H]([C@@H]3C=C(C[C@]4([C@@H](C=C(C)C4=O)[C@]3([C@H](C)C1OC(=O)C(C)CC)O)O)CO)C2(C)C
233_3	CC(C1=O)/C=C/C(C)(C)C(OC(C)=O)C(OC(C)=O)C(OC(C(C)C)=O)C(C(OC(C(CC)C)=O)C2C1(O)CC(C)(OC(C(CC)C)=O)C2O)=C
277_1	O[C@H]([C@@H](CO)O[C@@H](OCC(O)COC(CCCCCCC/C=C\C/C=C\C/C=C\CC)=O)[C@@H]1O)[C@@H]1O
300_1	CC(C)C1CCC2C1(C)CCC1(C)C3=C(C(CC21C)O)C1(C)CCC(C(C)(C)C1CC3=O)O
300_2	CC(C)C1CCC2C1(C)CCC1(C)C3=C(C(=O)CC21C)C1(C)CCC(C(C)(C)C1CC3O)O
300_3	CC1(C)C(O)CCC2(C)C1CCC3(C)C2CCC4C3(C)CCC5(C(O)=O)C4C(C(C)=C)CC5
300_4	C=C(C)C1CCC2(C)CCC3(C)C(CCC4C(C)(CCC(=O)O)C(CCC34C)C(=C)CO)C12
300_5	C=C(C)C(CCC(C)C1CCC2(C)C3=C(CCC12C)C1(C)CCC(C(C)(C)C1CC3=O)O)O
314_1	C=C(C)C(CCC(C)C1CCC2(C)C3=CCC4C(C)(C)C(CCC4(C)C3=CCC12C)O)O
314_2	CC(=CCCC1(CO1)C1CCC2(C)C3CCC4C(C)(C)C(CCC54CC35CCC12C)O)C
314_3	CC1(C)CCC2(C)CCC3(C)C(=C2C1)C=CC1C2(C)CCC(C(C)(CO)C2CCC31C)O
314_4	CC1(C)CCC2(C)CC=C3C4(C)CCC5C(C)(C)C(CCC5(C)C4C4C(C3(C)C2C1)O4)O
314_5	CC1C(=O)C=CC2C1(C)CCC1C3(C)CCC4(C)CCC(C)(C)CC4C3(C)CC(C21C)O
126_1	C=C(C)C(CCC(C)C1CCC2(C)C3=CCC4C(C)(C)C(CCC4(C)C3=CCC12C)O)O
126_2	CC1(C)CCC2(C)CCC3(C)C(=C2C1)C=CC1C2(C)CCC(C(C)(CO)C2CCC31C)O
126_3	CC(=CCCC1(CO1)C1CCC2(C)C3CCC4C(C)(C)C(CCC54CC35CCC12C)O)C
126_4	CC1(C)CCC2(C)CC=C3C4(C)CCC5C(C)(C)C(CCC5(C)C4C4C(C3(C)C2C1)O4)O
126_5	CC1C(=O)C=CC2C1(C)CCC1C3(C)CCC4(C)CCC(C)(C)CC4C3(C)CC(C21C)O
126_6	OC1CCC2(C3)C(CCC4C23CCC5(C)C4(C)CCC5C(/C=C\CC(C)=O)C)C1(C)C
245_1	O[C@H]([C@@H](CO)O[C@@H](OCC(NC(C(O)CCCCCCCCCCCCCCCCCCCCC)=O)C(O)C(O)CCC/C=C\CCCCCCCCC)[C@@H]1O)[C@@H]1O
303_1	CCC(/C=C/C(C)C1CCC2C3CC=C4CC(CCC4(C)C3CCC12C)O)C(C)C
303_2	CCC(CCC(C)C1CCC2C3CC=C4CC(=O)CCC4(C)C3CCC12C)C(C)C
303_3	C/C=C\CC/C(C)=C/CC/C(C)=C/CC(C(CC/C=C(C)/CCC=C(C)C)=C)CO
303_4	CC1C(CCC2C1(C)CCC1C3=CCC4(C)CCC(C)(C)CC4C3(C)CCC21C)O
303_5	CC(C)C(C)CCC(C)C1CCC2C3CCC4=CC(=O)CCC4(C)C3CCC12C
390_1	CC1CCC2(C)C(CC3(C)C(=CCC4C5(C)CCC(C(C)(C)C5CCC34C)O)C2C1C)O
390_2	C=C(C)C(CCC(C)C1CCC2(C)C3CC=C4C(CCC(C4(C)C)O)C3(C)CCC12C)O
390_3	CC(C)C(=C)CCC(C)C1CCC2(C)C3CCC4C(C)(CO)C(CCC54CC35CCC12C)O
390_4	OC1CCC2(C3)C(CCC4C23CCC5(C)C4(C)CCC5C(C)C/C=C/C(C)(OC)C)C1(C)C
390_5	C=C(C)C(C)(CCC(C)C1CCC2(C)C3=C(CCC12C)C1(C)CCC(C(C)(C)C1CC3)O)O
390_6	CC(C)C(=C)CCC(C)C1CCC2(C)C3=C(CCC12C)C1(C)CCC(C(C)(C)C1CC3=O)O
395_1	CC12C(CCC(C3=O)=C2CC4C3=C(C)C(O4)=O)C5(C)C(C5)CC1
395_2	CC12C(CC=C(C3=O)C2CC4C3=C(C)C(O4)=O)C5(C)C(C5)CC1
95_1	CC(C1(C=C(C)C2OC(CCCCCCCCCCCCCCC)=O)C2(O)C(OC(/C(C)=C\C)=O)C(CO)=C3)CC4C(C4(CO)C)C3C1=O
95_2	CC(C1(C=C(C)C2OC(/C(C)=C\C)=O)C2(O)C(O)C(CO)=C3)CC4C(C4(COC(CCCCCCCCCCCCCCC)=O)C)C3C1=O
95_3	CC(C1(C=C(C)C2O)C2(O)C(OC(/C(C)=C\C)=O)C(CO)=C3)CC4C(C4(COC(CCCCCCCCCCCCCCC)=O)C)C3C1=O
151_1	C=C(C)C(CCC(C)C1CCC2(C)C3CC=C4C(CCC(C4(C)C)O)C3(C)CCC12C)O
151_2	CC1CCC2(C)C(CC3(C)C(=CCC4C5(C)CCC(C(C)(C)C5CCC34C)O)C2C1C)O
456_1	CC(C1(C=C(C)C2OC(CCCCCCCCCCCCC)=O)C2(O)C(O)C(CO)=C3)CC4C(C4(C)C)C3C1=O
456_2	C=C(C)C1CCC2(C)CCC3(C)C(CCC4C(C)(CCC(=O)O)C(CCC34C)C(=C)CO)C12
456_3	CC1(C)C(O)CCC2(C)C1CCC3(C)C2CCC4C3(C)CCC5(C(O)=O)C4C(C(C)=C)CC5
456_4	C=C(C)C(CCC(C)C1CCC2(C)C3=C(CCC12C)C1(C)CCC(C(C)(C)C1CC3=O)O)O
456_5	CC(C)C1CCC2C1(C)CCC1(C)C3=C(C(CC21C)O)C1(C)CCC(C(C)(C)C1CC3=O)O
456_6	CC(C)C1CCC2C1(C)CCC1(C)C3=C(C(=O)CC21C)C1(C)CCC(C(C)(C)C1CC3O)O
462_1	CC(C)C1CCC2C1(C)CCC1(C)C3=CCC4C(C)(C)C(CCC4(C)C3=CCC21C)O
462_2	CC1CCC2(C)CCC3(C)C(=CC=C4C5(C)CCC(C(C)(C)C5CCC34C)O)C2C1C
462_3	CC1(C)CCC2(C)CCC3(C)C(=CC=C4C5(C)CCC(C(C)(C)C5CCC34C)O)C2C1
462_4	CC(C)C(=C)CCC(C)C1CCC2(C)C3=C(CCC12C)C1(C)CCC(=O)C(C)C1CC3
462_5	CC1(C)CCC2(C)CC=C3C4(C)CCC5C(C)(C)C(=O)CCC5(C)C4CCC3(C)C2C1
477_1	C=CC(=C)CCC1C2(C)CCCC(C)(C)C2CC(C1(C)O)O
477_2	CC(=CCC/C(=C/CCC(C)(C1CC=C(C)C(C1)O)O)/C)C
477_3	CC1(C)CCCC2(C)C1CCC13CC(CCC23)C(C1)(CO)O
435_1	COCC(CC1=CC=C(OC)C(OC)=C1)C(COC)CC2=CC3=C(OCO3)C(OC)=C2
435_2	C/C1=C\C(O)C(C)(C)C(CC(O)/C(C)=C/C2C(CC(C)C2OC(C3=CC=CC=C3)=O)(OC(C)=O)C1=O)=O
513_1	CC1(C)CCC2(C)CCC3(C)C(=C2C1)C=CC1C2(C)CCC(C(C)(CO)C2CCC31C)O
513_2	CC(=CCCC1(CO1)C1CCC2(C)C3CCC4C(C)(C)C(CCC54CC35CCC12C)O)C
513_3	CC1(C)CCC2(C)CC=C3C4(C)CCC5C(C)(C)C(CCC5(C)C4C4C(C3(C)C2C1)O4)O
513_4	C=C(C)C(CCC(C)C1CCC2(C)C3=CCC4C(C)(C)C(CCC4(C)C3=CCC12C)O)O
513_5	CC1C(=O)C=CC2C1(C)CCC1C3(C)CCC4(C)CCC(C)(C)CC4C3(C)CC(C21C)O
513_6	C=C(C)C(CCC(C)C1CCC2(C)C3CC=C4C(CCC(C4(C)C)O)C3(C)CCC12C)O
513_7	CC1CCC2(C)C(CC3(C)C(=CCC4C5(C)CCC(C(C)(C)C5CCC34C)O)C2C1C)O
531_1	CC(OC1CCC2(C3)C(CCC4C23CCC5(C)C4(C)CCC5C(CCC(OC(C)=O)C(C)=C)C)C1(C)C)=O
533_1	CC1(C)CCC2(C)CCC3(C)C(=CC=C4C5(C)CCC(C(C)(C)C5CCC34C)O)C2C1
533_2	CC1CCC2(C)CCC3(C)C(=CC=C4C5(C)CCC(C(C)(C)C5CCC34C)O)C2C1C
533_3	CC(C)C1CCC2C1(C)CCC1(C)C3=CCC4C(C)(C)C(CCC4(C)C3=CCC21C)O
533_4	CC(C)C(=C)CCC(C)C1CCC2(C)C3=C(CCC12C)C1(C)CCC(=O)C(C)C1CC3
533_5	CC1(C)CCC2(C)CC=C3C4(C)CCC5C(C)(C)C(=O)CCC5(C)C4CCC3(C)C2C1
559_1	CC(CCC(C(C)(C)O)O)C1CCC2(C)C3=CCC4C(C)(C)C(=O)C(=CC4(C)C3CCC12C)O
568_1	CCCCCCCCC1CCC(c2c1c(=O)c(c(C)[nH]2)OC)OC(=O)C
568_2	C=C(C(OC)=O)C1=CC2(O)CCC3C(C)(C)CCCC3(C)C2CC1=O
568_3	CC12C(CCC3(C4O3)C2C5C6(O5)C4=C(CO)C(O6)=O)C(C)(C)CCC1
568_4	CC1CC(C(C2C=C(CO)CC3(O)C(C=C(C)C3=O)C21O)=C(C)C)=O
369_1	OC1CCC2(C3)C(CCC4C23CCC5(C)C4(C)CCC5C(/C=C\CC(C)=O)C)C1(C)C
369_2	CC(=CCC/C(=C/CC/C(=C/CCC(C(=C)CC/C=C(\C)/CCC=C(C)C)O)/C)/C)C
369_3	CC(=CCC[C@@H](C)[C@@H]1CC[C@]2(C)C3=C(CC[C@@]12C)[C@@]1(C)CC[C@@H](C(C)(C)[C@@H]1CC3)O)C
369_4	CC(C)C(C)CCC(=C)C1CCC2(C)C3CCC4C(C)C(CCC54CC35CCC12C)O
369_5	CC(C)C1CCC2(C)CCC3(C)C4=CCC5C(C)(C)C(CCC5(C)C4CCC3(C)C12)O
369_6	CC(C)C(=C)CCC(C)C1CCC2(C)C3CCC4C(C)C(CCC54CC35CCC12C)O
369_7	CC1(C)CCC2(C)CC=C3C(C)(CCC4C5(C)CCCC(C)(C)C5C(CC34C)O)C2C1
369_8	CC(C)C12CCC(C)C2C2(C)CCC3C4(C)CCC(C(C)(C)C4CCC3(C)C2=CC1)O
369_9	CC1CCC2(C)CCC34CC4(CCC4C5(C)CCC(C(C)(C)C5CCC34C)O)C2C1C
369_10	CC1(C)CC[C@]2(C)CC[C@]3(C)[C@H](CC[C@@H]4[C@@]5(C)CC[C@@H](C(C)(C)[C@@H]5CC[C@@]34C)O)C2=C1
369_11	CC(C)C1CCC2C1(C)CCC1(C)C3CCC4(C(=C)C)C(CCCO4)C3(C)CCC21C
369_12	OC1CCC2(C)C(CC(C(C(CCC3C(C/C=C/C(C)(O)C)C)(C)C3(C)C4)=C2C4=C)=O)C1(C)C
369_13	CC(C)C(=C)CCC(C)C1CCC2(C)C3=C(C(=O)CC12C)C1(C)CCC(C(C)(C)C1CC3=O)O
905_1	CC1(C)CCC2(C)CCC3(C)C(=C2C1)C=CC1C2(C)CCC(C(C)(CO)C2CCC31C)O
905_2	CC1(C)CCC2(C)CC=C3C4(C)CCC5C(C)(C)C(CCC5(C)C4C4C(C3(C)C2C1)O4)O
905_3	CC1C(=O)C=CC2C1(C)CCC1C3(C)CCC4(C)CCC(C)(C)CC4C3(C)CC(C21C)O
905_4	CC(=CCCC1(CO1)C1CCC2(C)C3CCC4C(C)(C)C(CCC54CC35CCC12C)O)C
905_5	C=C(C)C(CCC(C)C1CCC2(C)C3=CCC4C(C)(C)C(CCC4(C)C3=CCC12C)O)O
610_1	CC1C(CC2(C)C(CCC3C2(C)O3)C1(CC(c1ccoc1)O)CO)OC(=O)C
429_1	CC1(C)CCC2(C)CCC3(C)C(=C2C1)C=CC1C2(C)CCC(C(C)(CO)C2CCC31C)O
429_2	CC1(C)CCC2(C)CC=C3C4(C)CCC5C(C)(C)C(CCC5(C)C4C4C(C3(C)C2C1)O4)O
429_3	C=C(C)C(CCC(C)C1CCC2(C)C3=CCC4C(C)(C)C(CCC4(C)C3=CCC12C)O)O
429_4	CC(=CCCC1(CO1)C1CCC2(C)C3CCC4C(C)(C)C(CCC54CC35CCC12C)O)C
429_5	CC1C(=O)C=CC2C1(C)CCC1C3(C)CCC4(C)CCC(C)(C)CC4C3(C)CC(C21C)O
634_1	CC1(C)C(O)CCC2(C3)C1CCC4C23CCC5(C)C4(C)CCC5C(CCCC(CO)C)C
634_2	CC(C)C1CCC2C1(C)CCC1(C)C3CCC(C(=C)C)(C(CCCO)C3(C)CCC21C)O
117_1	CC(CC1CC(C)(C)OC(C)(C)O1)C1CCC2(C)C3CCC4C(C)(C)C(CCC54CC35CCC12C)O
588_1	CC(CC1CC(C)(C)OC(C)(C)O1)C1CCC2(C)C3CCC4C(C)(C)C(CCC54CC35CCC12C)O
171_1	C=C(C)C(CCC(C)C1CCC2(C)C3CC=C4C(CCC(C4(C)C)O)C3(C)CCC12C)O
171_2	CC1CCC2(C)C(CC3(C)C(=CCC4C5(C)CCC(C(C)(C)C5CCC34C)O)C2C1C)O
707_1	C=C/C(=C/CC1C(=C)CCC(C(C)C)C1(C)CCC(=O)O)/C
707_2	C=C/C(=C/CC1C(=C)CCC2C(C)(C)C(C(CC12C)O)O)/C
707_3	C=CC1(C)CCC2(C)C(CCC3C2=CC(C(C3(C)C)O)O)C1
707_4	CC1(C)C2CCC34CC(CCC4C2(C)CCC1O)C(=C3)CO
707_5	CC(C)C1=CC=C(C)CC(=O)CC(C)CC(=O)CC(C)CC1
707_6	CC1(C)C2CCC34CC5CC(C4C2(C)CCC1O)OC5(C)C3
707_7	CC(=CCC/C(=C/CCC(C)(C1CC=C(C)C(=O)C1)O)/C)C
108_1	CC1CC2C(CCC(C)(C=C3C(C(C)CC3(C1=O)O)O)O)C2(C)C
108_2	CC(C)C1CCc2cc(CC(C)(C(CCC(C)(C=C1)O)O)O)oc2
108_3	CC1(C)C2CCC3C(CC4C(CC3C4(CO)O)O)C2(C)CCC1=O
108_4	CC1(C)C2CC(C34CCC(CC4C2(C)CCC1=O)C(C3)(CO)O)O
108_5	CC1(C)C(=O)CCC2(C)C3CC4CCC3(CC(C12)O)CC4(CO)O
108_6	CC1(C)C2CCC34CC(CO)(C(CC3C2(C)CCC1=O)CC4O)O
108_7	CC12CCC(=O)C(C)(CO)C1CCC13CCC(CC23)C(C1)(CO)O
108_8	C=CC(C)(CC(=O)CC(C)CC/C=C(\C)/C(C(=O)C=C(C)C)O)O
1189_1	CC12C(CC=C(C3=O)C2CC4C3=C(C)C(O4)=O)C5(C)C(C5)CC1
1189_2	CC12C(CCC(C3=O)=C2CC4C3=C(C)C(O4)=O)C5(C)C(C5)CC1
827_1	CC(C)C1CCC2C1(C)CCC1(C)C3CCC4=C(CCCO4)C3(C)CCC21C
378_1	CC(C1=O)(O)/C=C/C(C)(C)C(OC(C)=O)C(O)C(OC(C(C(OO)C)=C)=O)C(C(OC(C)=O)C2C1(O)CC(C)C2OC(/C(C)=C\C)=O)=C
378_2	CC(C1=O)(O)/C=C/C(C)(C)C(OC(C)=O)C(OC(C)=O)C(OC(C(C(OO)C)=C)=O)C(C(O)C2C1(O)CC(C)C2OC(/C(C)=C\C)=O)=C
378_3	CC(C1=O)(O)/C=C/C(C)(C)C(OC(C)=O)C(OC(C(C(OO)C)=C)=O)C(O)C(C(OC(C)=O)C2C1(O)CC(C)C2OC(/C(C)=C\C)=O)=C
378_4	CC(C(C(CC(C)C1OC(C)=O)(O)C1C2OC(C(C(OO)C)=C)=O)=O)(O)/C=C/C(C)(C)C(OC(C)=O)C(OC(/C(C)=C\C)=O)C(O)C2=C
378_5	CC(C1=O)(O)/C=C/C(C)(C)C(OC(C)=O)C(O)C(OC(/C(C)=C\C)=O)C(C(OC(C(C(OO)C)=C)=O)C2C1(O)CC(C)C2OC(C)=O)=C
378_6	CC(C1=O)(O)/C=C/C(C)(C)C(OC(C)=O)C(OC(/C(C)=C\C)=O)C(O)C(C(OC(C)=O)C2C1(O)CC(C)C2OC(C(C(OO)C)=C)=O)=C
378_7	CC(C1=O)(O)/C=C/C(C)(C)C(OC(C)=O)C(O)C(OC(/C(C)=C\C)=O)C(C(OC(C)=O)C2C1(O)CC(C)C2OC(C(C(OO)C)=C)=O)=C
378_8	CC(C1OC(C)=O)/C=C/C(C)(C)C(OC(C)=O)C(OC(C)=O)C(OC(C)=O)C(C)(OC(C)=O)/C=C2C1=CC(C)C\2OC(C3=CC=CC=C3)=O
881_1	CC1(C)C(O)CCC2(C3)C1CCC4C23CCC5(C)C4(C)CCC5C(/C=C/C=O)C
842_1	C[C@H]1C=CC(C)(C)[C@@H](C[C@H](C(=CC2C(=C1OC(=O)C)C[C@H](C)[C@@H]2OC(=O)c1ccccc1)C)C(=O)OC)OC(=O)C
842_2	CCC(C)C(=O)OCC1(C)C2C3C=C(CC4(C(C=C(C)C4=O)C3(C(C)CC12OC(=O)Cc1ccccc1)O)O)CO
958_1	CC(C1=O)/C=C/C(C)(C)C(C(OC(C)=O)C(OC(C)=O)C(C(OC(C)=O)C2C1(OC(C)=O)CC(C)C2OC(C)=O)=C)=O
1128_1	O[C@H]([C@@H](CO)O[C@@H](OCC(NC(C(CCCCCCCCCCCCCCCC/C=C\CCCCCCCC)O)=O)C(O)C(O)C(O)/C=C\CCCCCCCCCCC)[C@@H]1O)[C@@H]1O
1103_1	CCCCCCCCCCCCCCCC(=O)OCC1=CC2C3C(C)(C)C3(CC(C)C3(C=C(C)C(C3(C1O)O)OC(=O)C(C)C(C)C)C2=O)OC(=O)CCCCCCCCCCC
1143_1	CC(OC1CCC2(C)C(CC=C3C2CCC4(C)C3(C)CCC5(C(C)C)C4C(C)CC5)C1(C)C)=O
1143_2	CC(=O)O[C@@H]1CC[C@@]2(C)C(CC[C@]3(C)[C@@H]2CC[C@@H]2C4CC(C)(C)CC[C@]4(C)C=C[C@@]32C)C1(C)C
1143_3	CC(OC1CCC2(C)C(CCC3(C)C2CCC4(C)C3=CCC5(C(C)C)C4C(C)CC5)C1(C)C)=O
15_1	O[C@H]([C@@H](CO)O[C@@H](OCC(NC(C(O)CCCCCCCCCCCCCCCCCCCCCCCCCC)=O)C(O)C(O)CCC/C=C\CCCCCCCCC)[C@@H]1O)[C@@H]1O
284_1	CCC(/C=C/C(C)C1CCC2C3CC=C4CC(CCC4(C)C3CCC12C)O)C(C)C
284_2	C/C=C\CC/C(C)=C/CC/C(C)=C/CC(C(CC/C=C(C)/CCC=C(C)C)=C)CO
284_3	CC1C(CCC2C1(C)CCC1C3=CCC4(C)CCC(C)(C)CC4C3(C)CCC21C)O
284_4	CCC(CCC(C)C1CCC2C3CC=C4CC(=O)CCC4(C)C3CCC12C)C(C)C
1212_1	CC(C1(C=C(C)C2O)C2(O)C(O)C(COC(CCCCCCCCCCCCCCC)=O)=C3)CC4C(C4(CO)C)C3C1=O
736_1	OC1CCC2(C3)C(CCC4C23CCC5(C)C4(C)CCC5C(/C=C\CC(C)=O)C)C1(C)C
966_1	CC(C)(C1CCC23CCC(CC3C1(C)CCC(=O)O)C(C2)(CO)O)O
1297_1	CC(C)C(=C)CCC(C)C1CCC2(C)C3CCC4C(C)C(CCC54CC35CCC12C)OC(=O)/C=C/c1ccc(c(c1)OC)O
1297_2	CC(C1(C=C(C)C2O)C2(O)C(O)C(COC(CCCCCCCCCCCCCCC)=O)=C3)CC4C(C4(CO)C)C3C1=O
1365_1	CC(C/C=C/C(C)(C)OO)C1CCC2(C)C3=C(C(=O)CC12C)C1(C)CCC(C(C)(C)C1CC3=O)O
